,train_acc,validation_acc
0,94.162,49.69799999999999
1,84.47999999999999,46.00000000000001
2,89.012,48.848
3,75.70599999999999,44.122
4,90.746,44.30200000000001
5,35.839999999999996,18.302
