n_words,train_acc,val_acc
10,99.9047619047619,92.43243243243244
50,99.97894736842105,85.86387434554973
100,100.0,84.05797101449275
200,100.0,85.13274336283186
300,99.99602938256899,83.9918946301925
400,100.0,85.05800464037122
500,100.0,84.57178065311152
