n_words,train_acc,val_acc
10.0,90.0,85.94594594594595
50.0,99.9157894736842,86.91099476439791
100.0,99.9888888888889,89.3913043478261
200.0,100.0,85.28023598820059
300.0,100.0,86.20060790273556
400.0,99.96082567425042,85.52204176334106
500.0,100.0,86.24768946395564
600.0,99.98057545222775,86.21072088724584
