n_words,train_acc,val_acc
10.0,90.0,85.94594594594595
50.0,99.91578947368421,86.91099476439791
100.0,99.9888888888889,89.3913043478261
