n_words,train_acc,val_acc
10.0,99.9047619047619,92.43243243243244
50.0,99.97894736842105,85.86387434554973
100.0,100.0,84.05797101449275
200.0,100.0,85.13274336283186
