n_words,train_acc,val_acc
10.0,84.375,97.33333333333333
50.0,96.0,91.33333333333333
